<?xml version="1.0" encoding="UTF-8"?>
<project-private xmlns="http://www.netbeans.org/ns/project-private/1">
    <editor-bookmarks xmlns="http://www.netbeans.org/ns/editor-bookmarks/2" lastBookmarkId="0"/>
    <open-files xmlns="http://www.netbeans.org/ns/projectui-open-files/2">
        <group>
            <file>file:/C:/Users/olivi/Dropbox/Ecole/UdeM/Automne_2018/IFT3913/Devoirs/Devoir1/src/views/components/LabelComponent.java</file>
            <file>file:/C:/Users/olivi/Dropbox/Ecole/UdeM/Automne_2018/IFT3913/Devoirs/Devoir1/src/views/components/DetailComponent.java</file>
            <file>file:/C:/Users/olivi/Dropbox/Ecole/UdeM/Automne_2018/IFT3913/Devoirs/Devoir1/src/main/config.java</file>
            <file>file:/C:/Users/olivi/Dropbox/Ecole/UdeM/Automne_2018/IFT3913/Devoirs/Devoir1/src/models/UMLDecoder.java</file>
            <file>file:/C:/Users/olivi/Dropbox/Ecole/UdeM/Automne_2018/IFT3913/Devoirs/Devoir1/src/views/MainFrame.java</file>
            <file>file:/C:/Users/olivi/Dropbox/Ecole/UdeM/Automne_2018/IFT3913/Devoirs/Devoir1/src/models/Model.java</file>
            <file>file:/C:/Users/olivi/Dropbox/Ecole/UdeM/Automne_2018/IFT3913/Devoirs/Devoir1/src/controllers/UMLController.java</file>
            <file>file:/C:/Users/olivi/Dropbox/Ecole/UdeM/Automne_2018/IFT3913/Devoirs/Devoir1/src/views/FileChooser.java</file>
            <file>file:/C:/Users/olivi/Dropbox/Ecole/UdeM/Automne_2018/IFT3913/Devoirs/Devoir1/src/views/components/Component.java</file>
            <file>file:/C:/Users/olivi/Dropbox/Ecole/UdeM/Automne_2018/IFT3913/Devoirs/Devoir1/src/views/components/FileInputComponent.java</file>
        </group>
    </open-files>
</project-private>
